-- phpMyAdmin SQL Dump
-- version 5.0.2
-- https://www.phpmyadmin.net/
--
-- Host: 127.0.0.1:3306
-- Tempo de geração: 23-Fev-2022 às 23:36
-- Versão do servidor: 8.0.21
-- versão do PHP: 7.3.21

SET SQL_MODE = "NO_AUTO_VALUE_ON_ZERO";
START TRANSACTION;
SET time_zone = "+00:00";


/*!40101 SET @OLD_CHARACTER_SET_CLIENT=@@CHARACTER_SET_CLIENT */;
/*!40101 SET @OLD_CHARACTER_SET_RESULTS=@@CHARACTER_SET_RESULTS */;
/*!40101 SET @OLD_COLLATION_CONNECTION=@@COLLATION_CONNECTION */;
/*!40101 SET NAMES utf8mb4 */;

--
-- Banco de dados: `db_financas`
--

-- --------------------------------------------------------

--
-- Estrutura da tabela `blog`
--

DROP TABLE IF EXISTS `blog`;
CREATE TABLE IF NOT EXISTS `blog` (
  `idPost` int NOT NULL AUTO_INCREMENT,
  `titulo` varchar(150) NOT NULL,
  `conteudo` longtext NOT NULL,
  `autor` varchar(150) NOT NULL,
  `link` varchar(150) DEFAULT NULL,
  `imagem` varchar(50) DEFAULT NULL,
  `alt_img` varchar(50) DEFAULT NULL,
  `data_post` date DEFAULT NULL,
  PRIMARY KEY (`idPost`)
) ENGINE=MyISAM AUTO_INCREMENT=19 DEFAULT CHARSET=utf8mb4 COLLATE=utf8mb4_0900_ai_ci;

--
-- Extraindo dados da tabela `blog`
--

INSERT INTO `blog` (`idPost`, `titulo`, `conteudo`, `autor`, `link`, `imagem`, `alt_img`, `data_post`) VALUES
(16, 'Dicas financeiras: as 10 melhores para começar 2022 com as contas organizadas', '1. Identifique as suas receitas e despesas//\r\nConhecer bem os seus gastos e as suas receitas é essencial para sua saúde financeira. Portanto, é preciso identificar e diferenciar todas as suas receitas e despesas.\r\n\r\nAssim, conheça todas as suas movimentações financeiras. Isso é fundamental para a sua organização financeira.\r\n\r\nUma boa dica para acompanhar os seus gastos e receitas é usar um aplicativo de controle financeiro.\r\n\r\nCom essa prática, você vai se impressionar com o quanto é gasto sem que você perceba.\r\n@\r\n2. Defina suas prioridades e programe-se//\r\nAntes de consumir, analise bem o seu orçamento pessoal.\r\n\r\nPois, acompanhar o seu planejamento financeiro é fundamental para saber separar o que é importante e realmente necessário, do que é apenas supérfluo.\r\n\r\nAlém disso, programe seus gastos. Pois, com gastos bem programados, fica mais fácil pagar todas as contas integralmente e não se afogar em dívidas.\r\n\r\nAfinal, pagar as contas em dia é importante para não gastar dinheiro em juros e multas.\r\n\r\nE o melhor de tudo é que existem diversos métodos para ajudar a orientar o seu orçamento, um deles é a regra 50-30-20.\r\n\r\nMas, independente de qual seja a sua escolha, é recomendado que você separe suas despesas essenciais dos desejos pessoais e das prioridades financeiras, por exemplo.\r\n\r\nIsso te ajuda até no sentido emocional, já que ter um orçamento organizado pode te estimular a seguir as demais dicas.\r\n@\r\n3. Gaste menos do que você ganha//\r\nParece uma coisa óbvia, mas muita gente não segue essa regra simples.\r\n\r\nPara gastar menos do que você ganha, não gaste dinheiro com aquilo que você paga mas não usa ou, caso use, haveria uma outra opção mais barata.\r\n\r\nAlém disso, é muito importante evitar desperdícios.\r\n\r\nUm outro cuidado para o qual você deve dar muita atenção é em relação ao uso do cartão de crédito, pois ele cria uma falsa sensação de poder de compra por oferecer a comodidade de pagar parceladamente e, muitas vezes, sem juros.\r\n\r\nCom toda essa “comodidade”, as pessoas acabam antecipando sonhos ou comprando coisas que não precisam.\r\n\r\nPorém, tenha em mente que ao utilizar o cartão de crédito, você estará comprometendo sua capacidade de pagamento futura ao destinar parte das suas receitas futuras ao pagamento das faturas do cartão de crédito.\r\n\r\nEsse descontrole nos gastos pode levar a incapacidade de pagar as suas contas, o que leva ao pagamento de multas e juros que normalmente são exorbitantes.\r\n\r\nAssim, você vai criando uma situação de endividamento que pode ser muito difícil de reverter.\r\n\r\nDesse modo, as suas despesas devem ser sempre inferiores às suas receitas para permitir que você poupe a diferença.\r\n@\r\n4. Crie uma reserva de emergência//\r\nMesmo que você tenha uma vida equilibrada, ainda assim existirão vários aspectos da sua vida que não vão estar totalmente sob o seu controle.\r\n\r\nDessa maneira, você pode ficar certo que imprevistos acontecem. De forma que alguns imprevistos são capazes de mudar todos os seus planos.\r\n\r\nAssim, ter aquele dinheirinho guardado para te socorrer e te tranquilizar naqueles momentos de aperto no fim do mês ou numa situação inesperada, pode te dar uma grande tranquilidade.\r\n\r\nPortanto, é importante economizar dinheiro e guardar um valor para eventuais momentos de necessidade ou imprevistos que possam ocorrer.\r\n\r\nEste valor é conhecido como reserva de emergência.\r\n@\r\n5. Sempre que possível, pague à vista//\r\nMuitas vezes, as lojas dão desconto para pagamentos à vista.\r\n\r\nAproveite e compre produtos por preços menores sempre que esses descontos forem oferecidos.\r\n\r\nDar preferência aos pagamentos à vista, além de eventualmente proporcionar descontos, ajuda no planejamento financeiro pessoal ao não comprometer as receitas futuras com o pagamento das parcelas do cartão, reduzindo, assim, a chance de você cair no endividamento.\r\n\r\nAlém disso, comprar à vista é uma boa maneira de evitar compras por impulso.\r\n@\r\n6. Cartão de crédito? Só quando necessário!//\r\nUse o seu cartão de crédito com muito cuidado e tenha esse meio de pagamento como seu aliado financeiro.\r\n\r\nOu seja, aproveite todos os benefícios oferecidos pelo cartão ou pela bandeira. Pois, dessa forma, o cartão de crédito se torna uma boa ferramenta de consumo e recebimento de compensações pelas compras efetuadas.\r\n\r\nAs milhas, por exemplo, são uma ótima chance de trocar pontos por produtos ou passagens aéreas.\r\n\r\nJá o cashback oferecido por alguns cartões também pode ser uma forma de compensação bem interessante.\r\n\r\nMas, claro, você não deve gastar mais do que deve apenas para receber benefícios, e sim receber benefícios de acordo com o que é gasto para atender às suas necessidades.\r\n\r\nAlgumas bandeiras de cartões também dão descontos em teatros, cinemas, shows, salas VIP etc. Portanto, fique atento aos benefícios oferecidos para economizar ainda mais.\r\n@\r\n7. Poupe parte da sua renda todos os meses//\r\nPagar-se primeiro é muito importante quando falamos de planejamento financeiro.\r\n\r\nDessa forma, defina um valor (5 a 20% da sua receita) para poupar todos os meses.\r\n\r\nCom esse dinheiro você pode montar, inicialmente, sua reserva financeira e, posteriormente, começar a investir na bolsa de valores e se preparar para a aposentadoria, por exemplo.\r\n\r\nEstabeleça também objetivos e metas financeiras para que você tenha noção da utilidade do dinheiro poupado e, assim, você consiga persistir nos seus esforços para economizar.\r\n\r\nPara facilitar essa tarefa, a plataforma de gerenciamento financeiro Mobills criou a funcionalidade ‘Objetivos\'.\r\n\r\nCom essa funcionalidade é possível registrar o seu objetivo, quanto é necessário para alcançá-lo e quanto tempo deve levar para alcançar o seu sonho.\r\n\r\nSaiba mais: Como cadastrar Objetivos no Mobills? Veja o tutorial completo!\r\n@\r\n8. Utilize um gerenciador financeiro ou monte uma planilha//\r\nNão importa o tamanho do gasto ou da receita. Você deve acompanhar todas as suas movimentações financeiras em um gerenciador financeiro ou criar uma planilha de gastos e registrar todas as receitas e despesas durante o mês.\r\n\r\nAdicione todas as suas despesas no gerenciador financeiro: aluguel, despesas com lazer, conta de luz, conta de água, supermercado, alimentação, educação, telefone etc.\r\n\r\nE não deixe de registrar os pequenos gastos, como um doce que você comprou depois do almoço, por exemplo.\r\n\r\nAo ignorar esses pequenos gastos, você pode estar subestimando despesas que pesam no seu orçamento do mês.\r\n@\r\n9. Faça metas realistas//\r\nCriar metas é importante para ajudar no seu planejamento. Porém, também é importante que essas metas sejam relevantes, realistas e possíveis de alcançar.\r\n\r\nCom o Mobills, aplicativo de controle financeiro, você consegue criar um planejamento financeiro, discriminando quanto será gasto com cada tipo de categoria de despesas a cada mês.\r\n\r\nEntão, crie um planejamento para seguir e verifique com frequência se ele está caminhando corretamente, fazendo os ajustes sempre que necessário.\r\n\r\nSeguindo essas dicas financeiras para 2022, certamente você terá uma vida financeira muito mais tranquila!\r\n@\r\n10. Estude sobre investimentos//\r\nApós seguir todos os passos anteriores, você deverá ser capaz de administrar suas economias de forma inteligente para fazê-las render de forma adequada.\r\n\r\nSendo assim, é muito importante pensar em alocar o seu dinheiro em investimentos que te proporcionem rendimentos condizentes com com o risco corrido, tendo sempre em vista quais são os seus objetivos financeiros.\r\n\r\nCaso você tenha um perfil investidor mais agressivo, por exemplo, você pode dar preferência a aplicações mais arriscadas, como o investimento em ações e fundos imobiliários.\r\n\r\nMas, se o seu perfil é mais conservador, o recomendável é optar por aplicações mais estáveis e seguras, como a renda fixa (Tesouro Direto, CDB, entre outros) que possuem baixa ou nenhuma volatilidade.\r\n\r\nPor último, estude, entenda o mercado e os negócios, analise o desempenho, a administração das empresas, invista em renda variável aos poucos e sempre com a mentalidade de se tornar sócio de grandes empresas no Brasil e até no exterior.\r\n\r\nPor outro lado, não se esqueça que só se deve pensar em investimentos para a construção de patrimônio quando a sua reserva de emergência já estiver formada.', 'Larissa Brioso', 'https://www.mobills.com.br/blog/10-dicas-financeiras-para-2021/', 'assets/img/post1.png', 'Imagem de uma agenda', '2020-12-01'),
(18, 'Como fazer e organizar o planejamento financeiro da empresa', 'O planejamento financeiro é o direcionamento central da empresa para alcançar seus objetivos em finanças, ou seja, sua base para avançar a um futuro próspero.\r\n@\r\nPlanejar, nesse caso, significa definir o estado atual e traçar rotas para chegar ao estado desejado, prevendo possíveis obstáculos e suas respectivas soluções.\r\n@\r\nUm planejamento financeiro adequado tem a função de garantir que a organização atinja seus objetivos, servindo como um guia para manter a gestão no caminho certo.\r\n@\r\nNa prática, esse plano pode ser organizado de diversas formas.\r\n\r\nEm todas, é importante fazer um diagnóstico completo da empresa, com metas em curto e longo prazo, projeções financeiras e definição de orçamentos.\r\n@\r\nAssim, é possível tomar decisões com antecedência e antecipar os rumos financeiros da empresa para alocar bem os recursos.\r\n\r\nSegundo dados do Serasa Experian, o Brasil encerrou 2018 com recorde de inadimplência entre as empresas, com uma dívida acumulada de R$ 126,4 bilhões e mais de 5 milhões de CNPJs negativados.\r\n\r\nO fenômeno das empresas endividadas reforça ainda mais a necessidade de um planejamento financeiro robusto, capaz de otimizar os custos e manter as contas em dia.\r\n\r\nMais do que isso, o planejamento define as políticas de crescimento, equilibrando as propostas de investimento com os recursos disponíveis, além de garantir a boa gestão do caixa.\r\n@\r\nVale lembrar que o planejamento diz respeito ao futuro, e não às rotinas de gestão e controle financeiro, que devem se adaptar às condições do plano.\r\n\r\nEm um cenário de instabilidade e mudanças rápidas, falhar no planejamento significa ficar à deriva em um mar de incertezas.\r\n\r\nPor outro lado, as empresas que souberem planejar suas finanças multiplicam as chances de superar os desafios econômicos.', 'PontoTel', 'https://www.pontotel.com.br/planejamento-financeiro/', 'assets/img/post2.png', 'Imagem de moedas', '2019-03-28'),
(3, '10 dicas para o planejamento financeiro ideal', 'Investir em planejamento é essencial para quem deseja garantir um futuro financeiro seguro e estável, assumir o controle do próprio dinheiro e ter recursos suficientes para realizar seus sonhos. Ao planejar suas finanças, é possível gerenciar melhor seus gastos, sair das dívidas, saber em que áreas pode economizar e até mesmo quanto é possível investir. A boa notícia é que fazer um planejamento financeiro não é um bicho de sete cabeças. O importante é começar. Veja algumas dicas que vão ajudá-lo a fazer o planejamento financeiro ideal:  \r\n@\r\nFaça uma análise dos gastos e receitas em seu planejamento financeiro\r\n@\r\nO planejamento financeiro ideal começa pela análise dos gastos e receitas mensais. Para poder planejar é importante saber exatamente o quanto ganha por mês e, também, o quanto gasta e onde gasta. Analise todas as suas fontes de receita, fixas ou variáveis, e, em seguida, todas as despesas que teve no mês e em que categorias (Moradia, Educação, Lazer etc) para ver se você ganha mais do que gasta e identificar potenciais de economia. O GuiaBolso te ajuda: com a ferramenta, você só precisa colocar seus dados bancários e ela organiza todos as suas movimentações automaticamente.\r\n@  \r\nUse a regra do 15-35-50\r\n@\r\nDepois de analisar quais são seus gastos e receitas, use a regra dos 15-35-50 para organizar suas despesas. De acordo com este modelo, 50% da sua renda devem ser destinados para gastos essenciais, que são aqueles necessários para se manter no dia a dia, como alimentação, saúde, transporte etc. Outros 15% da renda vão para as prioridades financeiras: quitação de dívidas ou poupança para o futuro. Os 35% restantes devem ser utilizados em todos os outros gastos relacionados à diversão e lazer, como academia, restaurantes, compras etc.\r\nLeia mais: Você conhece a regra dos 15-35-50\r\n@ \r\nGaste de acordo com seu padrão de vida atual\r\nA sociedade atual estimula o consumo desenfreado o que, muitas vezes, faz com as pessoas gastem muito além das suas possibilidades. O planejamento financeiro ideal é aquele que prevê gastos que estão de acordo com seu padrão de vida atual. Gasta mais do que ganha? Procure reduzir suas despesas relacionadas a estilo de vida, como compras, salão de beleza e barzinho para equilibrar suas finanças.\r\n@  \r\nEspecifique suas metas\r\n@\r\nPlanejar começar por especificar suas metas. Quanto gostaria  e poderia  gastar em cada área da vida? Depois, é hora de pensar em como irá alcançar cada ação. Para ter uma despesa X em contas residenciais, por exemplo, pode ser preciso diminuir o consumo de energia ou gás. Mesmo quem está com o orçamento apertado, não precisa descartar o lazer. Pode reduzir substancialmente a quantia destinada para esta área e substituir saídas caras por atividades gratuitas ou de baixo custo.\r\n@  \r\nUtilize uma planilha financeira\r\n@\r\nA planilha financeira será sua melhor amiga na hora de fazer o planejamento financeiro. Com a ajuda da ferramenta você consegue acompanhar todos os seus gastos, analisar se está dentro da meta estipulada e, se for o caso, pode pisar no freio para não estourar o orçamento.\r\n@\r\nCompare os preços de produtos\r\n@\r\nUm hábito simples e que ajuda o planejamento financeiro é comparar preços antes de comprar um produto ou usar um serviço. Com a ajuda da Internet, pesquise em vários estabelecimentos os valores disponíveis por determinado item ou atividade, veja se cabe no seu orçamento e busque o melhor preço possível.\r\n@  \r\nMude seus hábitos\r\n@\r\nPlanejamento financeiro é uma questão de hábito. Se você não tem uma boa relação com as suas finanças é importante mudar. Veja quais comportamentos negativos não permitem que você tenha uma relação saudável com o dinheiro, como comprar demais quando está deprimido, gastar em excesso com o lazer etc, e trabalhe para mudar estas atitudes.\r\n@\r\nCompre apenas o que você precisa\r\n@\r\nUma das grandes inimigas das finanças saudáveis é a compra por impulso. Fuja dela incluindo no seu planejamento financeiro todas as compras que você precisa realizar naquele mês e se atenha a elas. Seja consciente e coloque na sua lista apenas aquilo que realmente precisar.\r\n@  \r\nPague à vista sempre que possível\r\nQuando é oferecida a possibilidade de desconto, pagar à vista é uma vantagem. Você adquire o produto por um preço mais barato e não cai na armadilha de dividir um item em várias vezes e, no futuro, não ter como pagar.\r\n@ \r\nDefina objetivos financeiros\r\nAlém de criar metas de gastos mensais, é importante definir objetivos financeiros maiores, de médio a longo prazo. Deseja cursar um MBA daqui a dois anos? Pesquise os preços do curso e comece a poupar desde já a quantia para realizar este sonho.banner-620x100-1Leia também: – As 4 melhores planilhas de gastos pessoais para o seu dinheiro – 50 dicas para aprender como economizar dinheiro – Planilha de gastos no Excel ou controle financeiro online? – Planilha de gastos mensais: como fazer?', 'Desconhecido', 'https://blog.guiabolso.com.br/10-dicas-para-o-planejamento-financeiro-ideal/', 'assets/img/post3.png', '10 e nenhuma a mais!', '2022-02-17'),
(4, 'Como construir um plano financeiro e manter as finanças em dia?', 'Saber como construir um plano financeiro independe da idade, dos planos ou da profissão que você exerce. O importante é ter noção de que controlar os gastos faz uma enorme diferença no seu orçamento, embora nem sempre seja uma tarefa fácil de ser efetuada.\r\n@\r\nOs números comprovam o problema dos brasileiros em relação ao dinheiro. \r\n@\r\nDe acordo com uma pesquisa da Confederação Nacional do Comércio, Bens, Serviços e Turismo (CNC), cerca de 12 milhões de famílias brasileiras estão atualmente endividadas. Isto é, trata-se do maior nível de endividamento registrado nos últimos 11 anos.\r\n@\r\nPreocupante, não é?\r\n@\r\nMas saiba que existem diversas possibilidades de reverter esse quadro, por isso, aqui você vai saber o que é um plano financeiro e como usá-lo a seu favor. É o que mostraremos ao longo deste artigo em um passo a passo didático. Continue com a gente!\r\n@\r\nO que é plano financeiro?\r\nO plano financeiro é a estrutura complementar de um planejamento de finanças. Ele é indicado para pessoas físicas, jurídicas, públicas, iniciativas privadas, jovens, experientes, enfim, é um recurso válido que garante maior rentabilidade e segurança às economias.\r\n@\r\nNo plano financeiro constam diversas informações relevantes, tais como: fluxo de caixa, análise de dados, orçamento e balanço patrimonial que possibilitam encontrar os caminhos certos para o momento atual e o futuro.\r\n@\r\nEm um plano financeiro são envolvidos uma agenda de aplicação, um cronograma de revisões e estratégias organizadas por uma ou mais pessoas, a fim de manter a saúde financeira de uma família ou de uma empresa.\r\n@\r\nPor fim, um plano financeiro permite avaliações periódicas que possibilitam corrigir possíveis problemas durante o fluxo do dia a dia. \r\n@\r\n>>> Leia também: 12 podcasts sobre finanças pessoais e investimentos \r\n@\r\nQual a importância do plano financeiro?\r\nPor meio do plano financeiro, é possível projetar metas a serem atingidas em um tempo estipulado. \r\n@\r\nPor exemplo, se você pretende abrir uma loja de material de construção, irá necessitar de um local, para compra ou imóvel, funcionário para venda, instalação e reparos, fornecedores, setor de limpeza, além da previsão de custos com luz, água, internet, etc. Ou seja, todos esses  recursos devem ser colocados em seu plano financeiro.\r\n@\r\nNesse contexto, para suprir as reais necessidades de um investimento, no plano financeiro deve constar os seguintes tópicos:\r\n@\r\ninvestimento inicial;\r\nprojeção dos resultados;\r\nprojeção do fluxo de caixa;\r\nprojeção do balanço;\r\nponto de equilíbrio de análise dos investimentos.\r\nE mais, para que todos os envolvidos entendam o que consta em um plano financeiro, devem estar alinhados a linguagem, o padrão, a precisão de informações e a técnica.\r\n@\r\nAfinal, saber como construir um plano financeiro pode ser um desafio no primeiro momento, mas a prática diária fortalece a forma como se constrói, tornando-o um planejamento bem elaborado.\r\n@\r\nEntão, vamos à prática?\r\n@\r\nComo construir um plano financeiro?\r\n@\r\nAprender o que é um plano financeiro facilita para tomar decisões sobre o dinheiro, mas saiba que criar um plano não significa que tudo sairá exatamente como você deseja, pois imprevistos acontecem.\r\n@\r\nNo entanto, vale frisar que com disciplina, foco e seguindo as dicas abaixo, o caminho pode ser mais rápido. Confira três dicas que você pode acrescentar para ter um bom plano financeiro:\r\n@\r\n1. Desenvolva uma mentalidade para riqueza\r\nVocê sabe por que muitas pessoas não se interessam em aprender a construir um plano financeiro, mesmo tendo que lidar com o dinheiro?\r\n@\r\nEm muitos casos, é porque parte da população não foi ensinada desde pequena a entender como movimentar o dinheiro. O que deveria ser uma disciplina recorrente na escola e em reuniões familiares, se torna uma tendência apenas quando surgem os primeiros conflitos financeiros.\r\n@\r\nTer uma mente disponível para o conhecimento financeiro abre oportunidades de investimentos e, consequentemente, tomar decisões para proteger o próprio patrimônio.\r\n@\r\nDesse modo, fortalecer um planejamento para a riqueza aumenta as chances de ser bem-sucedido. Dizer que o dinheiro não traz felicidade é a primeira crença a ser banida, afinal, não há como desassociar renda de bem-estar emocional.\r\n@\r\nAo trabalhar sua mente para a prosperidade financeira, você começará a avançar para um estágio de alcance natural do dinheiro.\r\n@\r\nUma boa dica para levar essa ideia adiante é investir em livros de finanças pessoais, que apresentam histórias surpreendentes de pessoas que pularam do endividamento a uma vida riqueza.\r\n@\r\n2. Faça o seu diagnóstico financeiro\r\nOutra forma de construir um plano financeiro é incluir um diagnóstico da sua situação atual. Foque em perguntas que podem ser importante para si ou para a sua empresa, como:\r\n@\r\nQuanto ganho por mês?;\r\nQuanto gasto por mês?;\r\nComo posso parcelar ou quitar minhas dívidas?;\r\nQuais são minhas despesas fixas e variáveis?;\r\nQuanto precisaria ter por mês caso acontecesse algum problema, como desemprego, por exemplo?\r\n@\r\n3. Use aplicativos\r\nEntre as diversas metodologias atuais, os aplicativos são ótimos aliados neste processo, pois eles permitem criar um controle financeiro pessoal e familiar, planejar finanças, receber alertas e muito mais. Entre os existentes no mercado, destacam-se Mobills, Guia Bolso, Monefy e Orçamento Fácil.', 'REDAÇAÕ XPEED', 'https://xpeedschool.com.br/blog/como-construir-um-plano-financeiro/', 'assets/img/post4.png', 'Esse post já é menor.', '2022-02-18'),
(5, 'Como sair do vermelho: 5 dicas para quem está com o saldo negativo', 'Terminar o mês com a conta zerada (ou pior, abaixo de zero) é uma situação estressante. Infelizmente, essa é a realidade mês após mês para a maioria dos brasileiros, muitos dos quais não sabem como sair do vermelho.\r\n@\r\nO Brasil tem hoje 67,5% de sua população endividada. Some-se a isso o desemprego que hoje afeta quase 15 milhões de pessoas adultas, e sair dessa situação se torna ainda mais desafiador.\r\n@\r\nEntender como sair do vermelho é, antes de tudo, entender que não existem receitas prontas. Mas um bom planejamento e organização podem resolver o rombo nas finanças – ou, quando isso não for possível, pelo menos ajudar para que ele não aumente demais.\r\n@\r\nSegundo uma pesquisa da Federação Brasileira de Bancos (Febraban) em parceria com o Banco Central, 62% dos entrevistados afirmam que a maneira como se cuida do dinheiro pode não permitir aproveitar a vida como gostariam. Por isso, vale entender algumas dicas para melhorar a relação com as finanças para sair do vermelho.\r\n@\r\nA importância da educação financeira\r\n@\r\nA falta de educação financeira desde cedo faz com que as pessoas não tenham conhecimento na hora de cuidar de algo tão importante como o dinheiro. É o que mostra um  levantamento realizado pelo Serviço de Proteção ao Crédito (SPC), em que 46% dos entrevistados disseram que não controlam o seu próprio orçamento. \r\n@\r\nDinheiro também é motivo de briga entre casais: o principal incômodo é com o fato de uma das pessoas gastar além de suas condições, o que gera desequilíbrio nas contas da família e prejudica os planos que foram traçados em conjunto. \r\n@\r\nPor outro lado, um exemplo de boas práticas – dada a importância desse conhecimento – é a iniciativa do Ministério da Educação (MEC), em parceria com a Comissão de Valores Mobiliários (CVM), para ensinar finanças pessoais desde cedo. Cerca de  500 mil professores serão capacitados para estimular a educação financeira nas escolas do ensino básico das redes pública e privada. \r\n@\r\nComo sair do vermelho?\r\n@\r\nBuscar conhecimento para mudar este cenário é o primeiro passo para sair do vermelho. Para desenvolver uma relação mais saudável com o dinheiro, é preciso começar a falar mais sobre isso. \r\n@\r\nVeja, abaixo, alguns conselhos para você deixar o cheque especial para trás.\r\n@\r\n1. Anote todas as suas dívidas\r\nVocê precisa mapear e conhecer quais são as suas dívidas. Anote em um caderno ou em uma planilha o valor atualizado de cada dívida, qual é a taxa de juros daquele contrato, quantas parcelas estão em atraso, e quantas ainda restam.\r\n@\r\nEntre em contato com as pessoas ou empresas com quem você tem dívida, questione quais são os valores atualizados (com os juros), e anote no seu controle. Esse é o primeiro passo para conseguir identificar quais dívidas deverão ser priorizadas, no caso de não ser possível pagar todas elas de uma só vez.\r\n@\r\n2. Negocie sempre suas dívidas\r\nComece renegociando aquelas dívidas com taxa de juros mais altas (ou seja, que a cada dia que passa o valor vai aumentando e gerando o efeito bola de neve), já que elas são os maiores empecilhos para sair do vermelho.\r\n@\r\nEntre em contato com a instituição financeira, loja, ou pessoa física informando seu interesse em negociar a sua dívida. Mantenha a calma: é natural ficar incomodado ou envergonhado ao falar sobre dívidas financeiras. Mas lembre-se de que todo mundo está sujeito a passar por isso, e não há nada para se envergonhar em buscar uma solução.\r\n@\r\nUma regra é sempre válida: acordos à vista são mais vantajosos. Se não for possível, tente negociar com um valor de entrada para reduzir os juros e o número de parcelas.\r\n@\r\nCrie uma conexão com a pessoa do outro lado da linha, do chat ou do e-mail, pois é ela quem poderá te ajudar a entender todas as possibilidades de negociação do valor em aberto.\r\n@\r\n3. Corte gastos de forma inteligente\r\n@\r\nNesse momento da sua vida financeira, é importante rever todas as despesas: separar os gastos essenciais daqueles desnecessários é um ótimo começo para sair do vermelho e quitar as dívidas de uma vez por todas. \r\n@\r\nCuidar das finanças não é uma tarefa fácil, mas existem diferentes tipos de orçamento que ajudam você a se organizar. O orçamento ABCD, por exemplo, funciona como um guia para te dar segurança na hora de usar o seu dinheiro. \r\n@\r\n4. Encontre um tempo para cuidar do dinheiro\r\nExistem algumas maneiras de garantir que você tenha controle sobre os seus gastos. Uma delas é checar a fatura do cartão de crédito toda semana, ou, então, marcando no caderno ou planilha todas as contas que você tem a pagar – ou as que já pagou no mês.\r\n\r\nAlém disso, automatizar suas contas por meio do débito automático, por exemplo, pode te ajudar a criar um melhor planejamento e controle na hora de pagar as contas, evitando gastos desnecessários com juros e mora. Mas faça isso apenas se você tiver confiança de que haverá dinheiro suficiente para cobrir suas contas todos os meses.\r\n\r\n5. Tire um dia financeiro\r\n@\r\nReserve um tempo, sem pressão, para organizar suas finanças. É nesse momento que você vai quitar boletos em aberto, administrar os gastos do mês, separar despesas fixas de variáveis, comparar com a renda, colocar metas…', 'Juliano Augusto', 'https://blog.nubank.com.br/como-sair-do-vermelho/', 'assets/img/post5.png', 'Nubank', '2022-02-19'),
(6, 'Como aumentar renda: 10 maneiras inteligentes para fazer um extra', 'Se tem um assunto que todo mundo gosta de conversar é sobre como aumentar renda. O que vou te mostrar aqui são maneiras inteligentes de você fazer uma grana extra. \r\n@\r\nNão é errado querer ter um pouco mais de dinheiro. É super normal você querer elevar o seu padrão de vida e dar o melhor para a sua família. \r\n@\r\nE, por outro lado, sei que a maioria das pessoas não quer morrer de tanto trabalhar e não conseguir usufruir o que conquistou. \r\n@\r\nPor isso, vou te mostrar como você pode aumentar a sua renda de maneira inteligente, ou seja, aproveitando um pouco do seu tempo livre. \r\n@\r\nVamos lá?\r\n@\r\n1) Dirija para outras pessoas\r\n@\r\nSe você tem um carro, tempo livre e adora dirigir, para aumentar a sua renda basta se cadastrar em aplicativos de viagens curtas como, por exemplo, Uber, 99, Carpool, entre outros.\r\n@\r\nHoje em dia não falta opção para quem quer viver como motorista ou apenas ganhar uma grana extra. \r\n@\r\nA dica para conseguir se destacar é você sempre ser educado, atencioso e oferecer gratuitamente algum produto simbólico (água, balinha, álcool em gel…).\r\n@\r\n2) Faça entregas\r\n@\r\nAlém disso, você também pode utilizar o seu carro ou sua moto para fazer entregas. Hoje em dia as pessoas estão fazendo muito mais pedidos do que antes. \r\n@\r\nE se você pode fazer esse tipo de serviço, aproveite os aplicativos para fazer as entregas. \r\n@\r\nLembra que o objetivo é fazer uma renda extra, então você só precisa separar algumas horas do seu dia para se dedicar as entregas.\r\n@\r\n3) Faça pesquisas pagas online\r\n@\r\nIsso é real e funciona.\r\n@\r\nÉ claro que você não vai ficar milionário fazendo pesquisas pagas online, mas você pode conseguir aumentar a sua renda da sala da sua casa. \r\n@\r\nSites como Survey Pronto, Myiyo, LifePoints, Toluna, Qualibest, Livra, Swag Bucks e Survey Junkie estão entre alguns dos sites que você pode usar para realizar pesquisas pagas online. \r\n@\r\nAlém de ganhar dinheiro, algumas dessas plataformas possibilita trocar os pontos conquistados nas pesquisas por presentes. Isso é ótimo também, pois te ajudar a economizar.\r\n@\r\n4) Venda itens usados ​​online\r\nProvavelmente você tem em sua casa, itens que estão em perfeitas condições e você não usa mais. Ou, pelo menos, você tem aquele produto que comprou pensando que ia usar mais nunca tirou da caixa. \r\n@\r\nPara isso você tem duas opções: doar ou vender. \r\n@\r\nE você pode fazer os dois! Por exemplo, eu sempre faço um limpa no meu guarda-roupa e separo em três pilhas: roupas que uso, roupas para doar e roupas para vender. \r\n@\r\nA diferença entre as roupas para a doação e as roupas para vender é só questão de utilidade. Por exemplo, os vestidos de festas geralmente eu vendo, porque as famílias carentes aqui da minha região precisam muito mais de uma boa blusa e calças do que de um vestido elegante. Entendeu?\r\n@\r\nVocê pode fazer isso também com livros, artigos de cozinha, bijuterias e joias… Praticamente, qualquer coisa dá para você vender na internet. \r\n@\r\nAdiciona nas suas redes sociais ou então cadastre o produto em sites como Amazon, eBay, Enjoei, Mercado Livre, Olx, Ficou Pequeno (brechó infantil), Remobile (para móveis), Estante Virtual (para livros), entre outros.\r\n@\r\n5) Alugue sua casa ou um espaço por temporada\r\n@\r\nVai passar muitos dias fora de casa ou tem um cômodo que não utiliza para nada?\r\n@\r\nAlugar a sua casa ou um espaço dela pode ser uma ótima maneira de aumentar a sua renda. \r\n@\r\nVocê pode fazer isso no Airbnb, Booking, Temporada Livre, Couchsurfing, 9flats, Vrbo, Homestay e Tripadvisor.      \r\n@\r\nGeralmente, nesses sites você determina a disponibilidade, preços, regras da casa e como deseja interagir com os hóspedes.\r\n@\r\nO quanto que você vai ganhar depende do tamanho e das condições da sua casa e da sua localização. \r\n@\r\nIsso quer dizer que se você estiver bem localizado a sua renda será muito maior. Esse tipo de aluguel pode gerar uma renda de extra de R$ 36 até R$ 15 mil por dia.\r\n@\r\n6) Alugue seu carro\r\n@\r\nLembra que te falei para você usar os aplicativos para viagens curtas de carro? Mas se por acaso você não gostar de dirigir, tenho a solução para você. \r\n@\r\nUma ótima maneira de aumentar a renda é alugando o seu carro. Assim como na opção anterior, você pode utilizar aplicativos e sites para te ajudar.\r\n@\r\nAlgumas das opções são: Moobie, RentCars e Movida. \r\n@\r\n5) Faça marketing de afiliado\r\n@\r\nMarketing de afiliado, de maneira simples, é você divulgar o produto de outra pessoa no seu espaço na internet e ganhar uma comissão em cima disso.\r\n@\r\nOu seja, é uma maneira passiva de aumentar a sua renda. \r\n@\r\nVocê pode fazer isso através do Hotmart, Monetizze e Eduzz. \r\n@\r\n6) Seja um Freelancer\r\n@\r\nUma excelente opção para quem tem um trabalho fixo para aumentar a sua renda é pegar outros trabalhos como freelancer. \r\n@\r\nOu seja, ceder uma parte do seu tempo e conhecimento para fazer serviço temporário para outras empresas. \r\n@\r\nÉ claro que sempre mantendo o sigilo das informações que você possui no seu emprego fixo. \r\n@\r\nAlém disso, há pessoas que já vivem somente de freelancer. Isso significa que elas não possuem nenhum vínculo empregatício, mas mantém serviços com diversos clientes. \r\n@\r\nUma das formas de alcançar novos clientes é através de sites e plataformas como 99freelas, Workana, Fiverr, GetNinjas, entre outros. \r\n@\r\n7) Receba reembolso quando fizer compras\r\n@\r\nJá pensou receber de volta uma quantia do dinheiro que você gastou ao comprar alguma coisa?\r\n@\r\nIsso é totalmente possível. Basta você se cadastrar em sites e aplicativos que oferecem essa opção. Como, por exemplo, Livelo, Cashback World, Ame Digital e Méliuz. \r\n@\r\nLembrando que nessa opção você não vai aumentar a sua renda, mas sim economizar.  O que, tecnicamente, você estará ganhando dinheiro.\r\n@\r\n8) Faça investimentos\r\n@\r\nOutra forma de aumentar a sua renda é separar uma parte do que você recebe para aplicar na Bolsa de Valores, Fundo Imobiliários ou Tesouro Direto.\r\n@\r\nAlgumas dessas aplicações requer maior conhecimento do que outras. Por isso, a minha sugestão é você começar pelo Tesouro Direto, que é uma maneira mais simples de investir e você pode começar com pouco. \r\n@\r\nRevenda produtos importados\r\n@\r\nOutra opção é você revender produtos importados nas suas redes sociais ou nas plataformas que te mostrei anteriormente.\r\n@\r\nUma boa opção para esse tipo de negócio é você encontrar uma empresa que receba os seus produtos no país de origem e depois envie para você. \r\n@\r\nCaso contrário, não será vantajoso você pedir para entregar direto na casa. Vai ficar caro do mesmo jeito e o próprio cliente pode fazer isso.\r\n@\r\nUm exemplo é o site QueriaTanto.com. Ele recebe suas compras realizadas nos Estados Unidos, unifica tudo em uma única caixa e envia para o seu endereço no Brasil.\r\n@\r\n10) Passeie com cachorros \r\nSe você ama os animais e tem um tempo livre para fazer uma renda extra, que tal levar os cachorros dos vizinhos para passear?\r\n@\r\nAntigamente, isso era realizado apenas de boca em boca ou com uma placa no portão/porta de casa. \r\n@\r\nAgora, com a internet, você pode utilizar plataformas especializadas no assunto. Assim como DogHero e Dog Walk.', 'Desconhecido', 'https://referenciaseguros.com.br/como-aumentar-renda/', 'assets/img/post7.png', 'Seguro de vida', '2022-02-20'),
(7, '6 Coisas para pensar antes de comprar', '1- A primeira coisa que penso é: já tenho algo assim no armário? No post de compras de Milão eu falo por exemplo da bolsa bege que comprei. Eu já tinha uma bolsa dessa cor, porém muito pesada, que acabo não levando em viagens. Estava na cabeça que gostaria de uma bolsa clara para ocasiões assim, e quando vi uma que gostei, comprei. Não faz sentido gastar com uma peça que tenha exatamente a mesma função de outra que você já tem no armário.\r\n@\r\n2- Posso pagar esse preço? Muitas vezes a gente tá tão apaixonada por uma coisa que começa a pensar loucuras pra dar conta de pagar: “esse mês vou almoçar em casa todos os dias”, “é só não ir pra balada por dois meses”, “vou dividir em 10 vezes que dá”… A maior parte é bem difícil de cumprir e pode fazer você passar um aperto financeiro depois! Faça o contrário: economize antes para comprar quando estiver com a grana.\r\n@\r\n3- Vou querer usar isso daqui a seis meses? Tem peças que viram febre, né? Um tipo de sapato, uma bolsa, um par de óculos… De repente todo mundo quer usar a mesma coisa e de tanto ver a gente acaba querendo também. Não acho ruim comprar uma peça que virou mania, desde que realmente goste da peça e não compre apenas porque ‘tá todo mundo usando’. Um exemplo? Comprei os óculos So Real, da Dior, que aparece a cada 3 fotos do Instagram. Peça batida, modinha, mas que funciona no meu rosto, tem um estilo que gosto e é único no meu guarda roupas. Vou usar mesmo depois da modinha, então tudo bem!\r\n@\r\n4- Essa peça combina com meu estilo de vida? Se você trabalha em escritório e anda vários quarteirões pra chegar até o trabalho vai mesmo usar aquele scarpin alto ‘todos os dias pra ir trabalhar’? A maior balada da sua semana é o Netflix, mas ainda assim você quer aquela jaqueta brilhante maravilhosa? Será que vale mesmo a pena empatar seu dinheiro nisso?\r\n@\r\n5- Estou comprando por impulso? Você nem estava pensando em uma bolsa, mas viu na vitrine uma linda com 40% de desconto e compra porque ‘não dá pra perder a oportunidade’? Dá sim! É diferente de estar precisando de uma bolsa nova e dar de cara com a promoção, entende? Não compre só porque está ‘barato’. Se vai ficar de lado daí a uma semana, sai caro!\r\n@\r\n6- Se fosse de uma marca menos famosa, você ainda compraria? Às vezes a gente fica meio fascinado pelas marcas, acontece. Aconteceu comigo depois de assistir aos filmes que contavam a história de Chanel e YSL, acontece quando vejo um desfile maravilhoso… Mas não dá pra comprar alguma coisa SÓ porque ‘é Chanel’, ou ‘é Dior’, né? Se não combina com você, não tem a ver com seu estilo, não vale o dinheiro, sendo made in Paris ou made in Aliexpress.\r\n@\r\nClaro que além disso a peça tem que vestir bem, ser confortável de usar e etc, mas acho que vale a pensa pensar nisso antes de gastar. Eu sou meio impulsiva e o que costuma funcionar pra mim é deixar a peca na loja, dar uma volta pelo shopping e se daí a um tempo eu ainda estiver convencida de que aquilo é legal, levo. As chances de gastar a toa são menores assim =)', 'Lu Ferreira', 'https://chatadegalocha.com/2014/09/6-coisas-pra-pensar-antes-de-comprar/', 'assets/img/post6.jpg', 'O Que pensar?', '2022-02-21'),
(8, '5 perguntas para fazer antes de fechar um negócio', 'Uma alternativa para quem quer ser empreendedor, mas não deseja formatar a própria empresa, é comprar um negócio já existente. Antes de investir nessa decisão, é preciso ter cuidados. Uma equipe de consultores, advogados e contabilistas poderá ajudá-lo a determinar o valor do negócio e o quanto você deve pagar por ele. Mas existem perguntas que devem ser feitas a si mesmo e respondidas com sinceridade antes de comprar o negócio dos seus sonhos. O objetivo dessa atividade é fazer com que o futuro empreendedor perceba se está preparado para assumir novas responsabilidades. Com base nisso, a revista Inc preparou uma série de perguntas que o ajudarão a descobrir se você está pronto para as exigências de um novo empreendimento.\r\n@\r\n1. Comprar um negócio é a melhor decisão neste momento?\r\n@\r\nA pergunta pode parecer simples e até ultrapassada, mas a decisão de abrir um negócio e a definição de quando iniciar esse projeto são etapas importantes e fundamentais na vida de um candidato a empreendedor. Ao fazer esse questionamento, é interessante analisar o que fez você, futuro empreendedor, ter vontade de inaugurar uma empresa própria. Se os motivos elencados forem porque você está entediado e quer arranjar um passatempo ou simplesmente porque quer tentar algo diferente, talvez não seja o momento ideal para abrir um negócio.  Por outro lado, se a oportunidade é vista como um real investimento, no qual será preciso dedicação e aporte financeiro, o próximo passo é colocar o plano em ação e inaugurar o negócio.\r\n@\r\n2. A sua família irá apoiar a decisão?\r\n@\r\nPossuir um negócio irá afetar o relacionamento familiar, uma vez que a empresa exigirá atenção em tempo integral do gestor da empresa. Para que essa nova fase dê certo, é importante ter o apoio da família. Caso contrário, é válido pensar se esse é o melhor momento para se iniciar a carreira no empreendedorismo.\r\n@\r\n3. Quem tomará conta do negócio quando os donos estiverem de férias?\r\n@\r\nAqueles que optarem por comprar um negócio devem perguntar aos antigos responsáveis pela empresa quando foi a última vez que eles saíram de férias, quantos dias duraram essas férias e quais foram os problemas que aconteceram no período de sua ausência. Isso mostrará ao candidato como é o dia a dia da empresa e como ele pode se preparar para que os mesmos deslizes não aconteçam durante o seu período de descanso.\r\n@\r\n4. Quanto será o retorno sobre o investimento?\r\n@\r\nA pergunta pode parecer óbvia, mas antes de inaugurar ou comprar um negócio é importante saber se o retorno financeiro do projeto está de acordo com os valores que o investidor espera receber. Para evitar problemas, é interessante fazer simulações como, por exemplo, o que aconteceria com o fluxo de caixa do negócio caso as vendas ficassem abaixo das expectativas e analisar como você, empreendedor, conseguiria lidar com essa situação e com o retorno financeiro que receberia.\r\n@\r\n5. Por que o atual proprietário quer sair do negócio?\r\n@\r\nO atual dono da empresa conhece o seu negócio melhor do que você. Por isso, é importante que você descubra os motivos que o levaram a querer se desfazer da empresa. É provável que, em uma primeira tentativa, ele dê as clássicas razões como “aposentadoria”, “saúde” ou “outras oportunidades”. Mas é importante encontrar o verdadeiro motivo. Para isso, é valido construir um relacionamento, no qual o vendedor do negócio possa confiar em você.', 'Desconhecido', 'https://revistapegn.globo.com/Como-comecar/noticia/2015/06/5-perguntas-para-fazer-antes-de-comprar-um-negocio-01.html', 'assets/img/post8.png', 'Pequenas empresas e grandes negocios.', '2022-02-22'),
(9, 'O que é Educação Financeira e como coloca-la em pratica?', 'A educação financeira nunca esteve tão em evidência no Brasil quanto no momento atual. Isso se deve a fatores como a facilidade de acesso às informações através da tecnologia.\r\n@\r\nO brasileiro, de um modo geral, também está mais interessado em aprender sobre finanças pessoais e como ter uma boa gestão financeira.\r\n@\r\nA recente crise evidenciou ainda mais o quão importante é ter educação financeira pessoal, já que muitos sofreram grandes impactos em suas rendas e tiveram momentos difíceis.\r\n@\r\nAssim, viu-se de forma clara como ter uma reserva financeira é essencial na vida de qualquer um, já que as emergências não avisam quando vão acontecer.\r\n@\r\nContudo, como se prevenir desses problemas? Como se preparar financeiramente? Como posso ter uma vida financeiramente tranquila? \r\n@\r\nA resposta para essas e outras perguntas passam pelo primeiro passo que é: buscar ter educação financeira e aplicar em sua vida.\r\n@\r\nLeia o nosso artigo completo e conheça tudo sobre educação financeira!\r\n@\r\nO que é educação financeira?\r\n@\r\nDe maneira simples, educação financeira é todo o conhecimento relacionado ao dinheiro e como ele funciona.\r\n@\r\nOu seja, é o processo que lhe ajuda a compreender melhor os produtos e serviços financeiros, assim, você se torna capaz de fazer melhores escolhas.\r\n@\r\nDessa forma, ter conhecimento sobre temas como: juros, poupança, Selic, inflação e outros pode ajudar você a tomar decisões financeiras de forma consciente e inteligente.\r\n@\r\nDe forma prática, quanto mais educado(a) financeiramente você for, mais consciente e confiante ficará para tomar decisões de como utilizar o seu dinheiro.\r\n@\r\nAlém disso, ao se educar financeiramente você conseguirá melhorar o processo de como cortar gastos, aumentar receitas e investir valores poupados periodicamente para gerar acúmulo de riqueza.\r\n@\r\nNesse sentido, fica muito mais fácil fazer o seu dinheiro trabalhar para você!\r\n@\r\nComo ter uma boa educação financeira?\r\nInfelizmente, a educação financeira não é algo que aprendemos desde cedo.\r\n@\r\nE é por isso que muitas pessoas caem na armadilha de acreditar que é tarde para mudar, ou que não é possível ter educação financeira depois de certa idade.\r\n@\r\nSe você pensa assim ou já esteve nessa situação, a boa notícia é que: é sim possível ter uma boa educação financeira independente da sua idade e condição financeira atual.\r\n@\r\nMas como posso ter educação financeira? Por onde começar?\r\n@\r\nO primeiro passo, você já deu, que é ter interesse no assunto. Afinal, você está lendo este texto, não é mesmo?\r\n@\r\nO segundo passo é buscar conhecimento sobre o assunto em boas fontes e fazer isso parte da sua rotina de vida.\r\n@\r\nO terceiro passo é aplicar esse conhecimento que está sendo adquirido, afinal, o maior aprendizado sempre estará no campo prático.\r\n@\r\nSendo assim, para ajudá-lo a conseguir aplicar esses três passos, vamos compartilhar também livros e cursos para te ajudar a adquirir mais conhecimento e dicas práticas para você aplicar no seu dia a dia.', 'Carlos Terceiro', 'https://www.mobills.com.br/blog/educacao-financeira/', 'assets/img/post9.png', 'Fonte: Google', '2022-02-23');

-- --------------------------------------------------------

--
-- Estrutura da tabela `categoria`
--

DROP TABLE IF EXISTS `categoria`;
CREATE TABLE IF NOT EXISTS `categoria` (
  `idCategoria` int NOT NULL AUTO_INCREMENT,
  `nome` varchar(50) NOT NULL,
  `idTipoMov` int NOT NULL,
  PRIMARY KEY (`idCategoria`),
  KEY `idTipoMov` (`idTipoMov`)
) ENGINE=MyISAM AUTO_INCREMENT=18 DEFAULT CHARSET=utf8mb4 COLLATE=utf8mb4_0900_ai_ci;

--
-- Extraindo dados da tabela `categoria`
--

INSERT INTO `categoria` (`idCategoria`, `nome`, `idTipoMov`) VALUES
(1, 'Salário', 1),
(2, '13º Salário', 1),
(3, 'Férias', 1),
(4, 'Renda Extra', 1),
(5, 'Renda de Investimentos', 1),
(6, 'Aluguéis', 1),
(7, 'Outros', 1),
(8, 'Moradia', 2),
(9, 'Alimentação', 2),
(10, 'Saúde', 2),
(11, 'Educação', 2),
(12, 'Despesas Pessoais', 2),
(13, 'Pets', 2),
(14, 'Transporte', 2),
(15, 'Celular/TV/Internet', 2),
(16, 'Lazer', 2),
(17, 'Outros', 2);

-- --------------------------------------------------------

--
-- Estrutura da tabela `movimentacao`
--

DROP TABLE IF EXISTS `movimentacao`;
CREATE TABLE IF NOT EXISTS `movimentacao` (
  `idMovimentacao` int NOT NULL AUTO_INCREMENT,
  `valor` double(7,2) NOT NULL,
  `dataMov` date NOT NULL,
  `descricao` varchar(150) DEFAULT NULL,
  `idCategoria` int NOT NULL,
  `idTipoMov` int NOT NULL,
  `idUsuario` int NOT NULL,
  PRIMARY KEY (`idMovimentacao`),
  KEY `idCategoria` (`idCategoria`),
  KEY `idTipoMov` (`idTipoMov`),
  KEY `idUsuario` (`idUsuario`)
) ENGINE=MyISAM AUTO_INCREMENT=13 DEFAULT CHARSET=utf8mb4 COLLATE=utf8mb4_0900_ai_ci;

--
-- Extraindo dados da tabela `movimentacao`
--

INSERT INTO `movimentacao` (`idMovimentacao`, `valor`, `dataMov`, `descricao`, `idCategoria`, `idTipoMov`, `idUsuario`) VALUES
(1, 222.00, '2022-02-22', 'xx', 1, 1, 6),
(2, 1750.00, '2022-02-03', 'Férias verão', 3, 1, 0),
(3, 1500.00, '2022-02-03', 'sss', 1, 1, 0),
(4, 1222.00, '2022-02-24', 'xxx', 8, 2, 0),
(5, 1222.00, '2022-02-24', 'Teste', 8, 2, 0),
(6, 2.00, '2022-02-23', NULL, 8, 2, 0),
(7, 1500.00, '2022-02-24', 'Mensal', 1, 1, 0),
(8, 1500.00, '2022-02-22', 'Mensal', 1, 1, 6),
(9, 185.00, '2022-02-21', 'Compras supermercado', 9, 2, 6),
(10, 185.00, '2022-02-21', 'Compras supermercado', 9, 2, 6),
(11, 1500.00, '2022-02-15', 'Casa temporada', 6, 1, 6),
(12, 0.00, '0000-00-00', '', 1, 0, 6);

-- --------------------------------------------------------

--
-- Estrutura da tabela `tipo_movimentacao`
--

DROP TABLE IF EXISTS `tipo_movimentacao`;
CREATE TABLE IF NOT EXISTS `tipo_movimentacao` (
  `idTipoMov` int NOT NULL,
  `nome` varchar(50) NOT NULL,
  PRIMARY KEY (`idTipoMov`)
) ENGINE=MyISAM DEFAULT CHARSET=utf8mb4 COLLATE=utf8mb4_0900_ai_ci;

--
-- Extraindo dados da tabela `tipo_movimentacao`
--

INSERT INTO `tipo_movimentacao` (`idTipoMov`, `nome`) VALUES
(1, 'Receita'),
(2, 'Despesa');

-- --------------------------------------------------------

--
-- Estrutura da tabela `usuario`
--

DROP TABLE IF EXISTS `usuario`;
CREATE TABLE IF NOT EXISTS `usuario` (
  `idUsuario` int NOT NULL AUTO_INCREMENT,
  `nome` varchar(80) NOT NULL,
  `email` varchar(80) NOT NULL,
  `senha` varchar(50) NOT NULL,
  PRIMARY KEY (`idUsuario`)
) ENGINE=MyISAM AUTO_INCREMENT=22 DEFAULT CHARSET=utf8mb4 COLLATE=utf8mb4_0900_ai_ci;

--
-- Extraindo dados da tabela `usuario`
--

INSERT INTO `usuario` (`idUsuario`, `nome`, `email`, `senha`) VALUES
(1, 'Rodolfo', 'rodo@gmail.com', '9837d298126d56d45e95abeab32eb5df'),
(2, 'Ana', 'ana@email.com', '81dc9bdb52d04dc20036dbd8313ed055'),
(3, 'Carlos', 'carlos@gmail.com', '81dc9bdb52d04dc20036dbd8313ed055'),
(6, 'Teste', 'teste@gmail.com', '81dc9bdb52d04dc20036dbd8313ed055'),
(8, 'Andrea', 'andrea@gmail.com', '80c9ef0fb86369cd25f90af27ef53a9e');
COMMIT;

/*!40101 SET CHARACTER_SET_CLIENT=@OLD_CHARACTER_SET_CLIENT */;
/*!40101 SET CHARACTER_SET_RESULTS=@OLD_CHARACTER_SET_RESULTS */;
/*!40101 SET COLLATION_CONNECTION=@OLD_COLLATION_CONNECTION */;
